ProductID,Title,Availability,Brand,Categories,Price (USD),SellerID,SellerName,Url
B09C2ZY2W8,Thunderbolt 4 CableMUROSE USB 4/Thunderbolt 4 Cable 3.3 feet(About 1M) with 100W PD 40Gb Data Transmission and 8K Video Transmission Functions Compatible with MacBook iPad Pro 2020 etc.,In Stock,Murose,Electronics Computers & Accessories Computer Accessories & Peripherals Cables & Accessories Cables & Interconnects Thunderbolt Cables,$20.99 ,A3501CFNV4DO3Y,yingwolingkeyingwolingke,https://www.amazon.com/dp/B09C2ZY2W8
B0002F5A26,Vater Percussion Marching Bass Drum Mallet MvB5,Only 5 left in stock,Vater,Musical Instruments Drums & Percussion Drum Sets & Set Components Drums Bass Drums,$40.49 ,A2DW926ZB4J71Q,Mouthpiece ExpressMouthpiece Express,https://www.amazon.com/dp/B0002F5A26
B01IAFGL1S,Batiste Shampoo Dry Floral 6.73 Ounce (200ml) (6 Pack),In Stock,Batiste,Beauty & Personal Care Hair Care Shampoo & Conditioner Dry Shampoos,$53.94 ,A2H52T0OB0G9UW,4 Leaf Cloverz4 Leaf Cloverz,https://www.amazon.com/dp/B01IAFGL1S
B00B90U9NI,Bellcan BC3752AT T Anchor Zinc Yellow 3/8 X 31/4 (Box of 50),Currently unavailable We don't know when or if this item will be back in stock,Bellcan,Industrial & Scientific Fasteners Anchors TAnchors,,,Amazon,https://www.amazon.com/dp/B00B90U9NI
B01CWM58FA,Andover COFlex NL 1 x5Yds Tan Flesh 6Rolls Cohesive Flexible Elastic Latex Free Bandage Compression Self Adherent Wrap Kids Children Vet Animals Pets Cats Dogs Horses 5100TN,Only 17 left in stock,Coflex,Health & Household Health Care First Aid Bandages & Bandaging Supplies Adhesive Bandages,$13.90 ,A2QQBRKUVYY8PN,A+Elite Medical Products Inc.A+Elite Medical Products Inc.,https://www.amazon.com/dp/B01CWM58FA
B002SVW81S,Vestil QIT4 Steel Quick Install Manual Trolley with Powder Coat Finish 4000lb. Capacity 3  71/2  Beam Flange Width 10  Headroom,Only 6 left in stock,Vestil,Industrial & Scientific Material Handling Products Pulling & Lifting Hoists & Accessories Beam Trolleys,$197.90 ,ATVPDKIKX0DER,Amazon,https://www.amazon.com/dp/B002SVW81S
B08HX3XQFG,KEKIMO Car Sunglass Holder Car Visor Sunglasses Case with Hidden Magnetic Closure Universal Automotive Eyeglasses Organizer Protective Box Car Accessories for Car SUV RV or Truck (Black),In Stock,KEKIMO,Automotive Interior Accessories Consoles & Organizers Visor Accessories,$24.99 ,ANE7A0Z1OX2GT,KEKIMOUSKEKIMOUS,https://www.amazon.com/dp/B08HX3XQFG
311060969X,Language History Language Change and Language Relationship: An Introduction to Historical and Comparative Linguistics (Mouton Textbook),Only 9 left in stock,Hans Henrich HockBrian D Joseph,Books Reference Words  Language & Grammar,,ATVPDKIKX0DER,Amazon,https://www.amazon.com/dp/311060969X
B01G76M1S4,HZMAN Fashion Women Men Cool Punk Goth Metal Spike Studded Link Leather Collar Choker Necklace,In Stock,HZMAN,Clothing  Shoes & Jewelry Women Jewelry Necklaces Collars,$12.99 ,AK0HQWR8PUJRG,HZmanHZman,https://www.amazon.com/dp/B01G76M1S4
B088GQSJX1,Pride Of India  Extra Long Indian Premium Brown Basmati Rice 10 Pound (4.54 Kilo) Reclosable Bag  Naturally Aromatic Aged Flavorful Slender Non Sticky Whole Grains  100+ Servings  Great Value,In Stock,Pride Of India,Grocery & Gourmet Food Pantry Staples Dried Grains & Rice Basmati,$25.95 ,A1FL16VCNS41JC,Pride Of IndiaPride Of India,https://www.amazon.com/dp/B088GQSJX1
B0001M11IC,Frontier Coop Allspice Ground Select Grade Certified Organic Kosher  1 lb. Bulk Bag  Pimenta dioica (L.) Merr.,Only 10 left in stock,Frontier Coop,Grocery & Gourmet Food Pantry Staples Herbs  Spices & Seasonings Single Herbs & Spices Allspice,$21.89 ,A1IZSD1S6WE00I,Since 1901Since 1901,https://www.amazon.com/dp/B0001M11IC
B00MJFP0HW,Evergreen HB4011 Compatible With 9001 Acura Integra GS LS RS 1.8L DOHC B18A1 B18B1 Head Bolt Set,Only 3 left in stock,Evergreen Parts And Components,Automotive Replacement Parts Engines & Engine Parts Engine Parts Head Bolt Sets,$35.98 ,ABNLDJZU1F8F8,SEALINGTEK INCSEALINGTEK INC,https://www.amazon.com/dp/B00MJFP0HW
B08XLZ4YFP,18 Pcs Cosmetic Containers 20ml/ 0.7oz Plastic Sample Jars (Multi color Lid),Only 12 left in stock,MYYZMY,Beauty & Personal Care Tools & Accessories Refillable Containers Jars,$4.99 ,AS47U4MCW3GMR,MYYZMYMYYZMY,https://www.amazon.com/dp/B08XLZ4YFP
B0017JHBGY,API MARINE ALGAEFIX Algae Control 16Ounce Bottle (387D),In Stock,API,Pet Supplies Fish & Aquatic Pets Aquarium Water Treatments,$8.70 ,ATVPDKIKX0DER,Amazon,https://www.amazon.com/dp/B0017JHBGY